City_ID,City,Country,Lat,Lng,Max Temp,Humidity,Cloudiness,Wind Speed,Current Description
0,Beringovskiy,RU,63.05,179.3167,43.7,66,100,15.12,overcast clouds
1,Albany,US,42.6001,-73.9662,65.95,94,100,2.17,moderate rain
2,Avarua,CK,-21.2078,-159.775,73.45,94,100,14.97,light rain
3,Butaritari,KI,3.0707,172.7902,81.0,81,100,17.65,light rain
4,Wabag,PG,-5.4781,143.7021,71.24,35,100,4.85,overcast clouds
5,Atuona,PF,-9.8,-139.0333,76.75,66,0,20.65,clear sky
6,San Patricio,US,28.017,-97.5169,82.35,86,100,6.15,overcast clouds
7,North Bend,US,43.4065,-124.2243,84.24,75,0,21.85,clear sky
8,Kewanee,US,41.2456,-89.9248,71.47,87,28,8.77,scattered clouds
9,Souillac,MU,-20.5167,57.5167,70.18,78,40,10.36,scattered clouds
10,Hamilton,US,39.1834,-84.5333,75.76,92,75,3.44,broken clouds
11,Lompoc,US,34.6391,-120.4579,86.58,56,0,9.22,clear sky
12,Mataura,NZ,-46.1927,168.8643,41.49,96,100,5.37,overcast clouds
13,Rikitea,PF,-23.1203,-134.9692,71.64,74,36,18.61,light rain
14,Manavalakurichi,IN,8.1333,77.3,76.8,89,90,17.0,overcast clouds
15,Pedernales,DO,18.0384,-71.744,82.78,76,100,2.17,overcast clouds
16,Leningradskiy,RU,69.3833,178.4167,33.17,100,100,8.01,light snow
17,Ushuaia,AR,-54.8,-68.3,35.26,80,75,9.22,broken clouds
18,Maragogi,BR,-9.0122,-35.2225,73.18,88,37,10.85,scattered clouds
19,Punta Arenas,CL,-53.15,-70.9167,33.91,86,20,18.41,few clouds
20,Korla,CN,41.7597,86.1469,75.13,19,0,0.27,clear sky
21,Ponta Do Sol,PT,32.6667,-17.1,70.72,71,1,1.7,clear sky
22,Corn Island,NI,12.1694,-83.0418,80.6,75,100,1.83,overcast clouds
23,Hilo,US,19.7297,-155.09,88.29,75,75,9.22,broken clouds
24,Arraial Do Cabo,BR,-22.9661,-42.0278,66.88,64,100,11.01,overcast clouds
25,Notre-Dame-Du-Lac,CA,47.6136,-68.7964,53.87,87,0,3.94,clear sky
26,Lata,PT,40.1629,-8.3327,67.82,98,67,3.42,broken clouds
27,Yulara,AU,-25.2406,130.9889,65.48,34,99,9.22,overcast clouds
28,Sitka,US,57.0531,-135.33,58.89,77,100,5.75,overcast clouds
29,Bytow,PL,54.1706,17.4919,48.33,79,99,5.17,overcast clouds
30,Coihaique,CL,-45.5752,-72.0662,45.21,98,100,4.74,moderate rain
31,Tautira,PF,-17.7333,-149.15,77.2,77,16,14.83,few clouds
32,Bredasdorp,ZA,-34.5322,20.0403,46.71,84,49,7.81,scattered clouds
33,New Norfolk,AU,-42.7826,147.0587,52.72,72,91,1.01,overcast clouds
34,Chokurdakh,RU,70.6333,147.9167,49.44,47,98,8.23,overcast clouds
35,Berlevag,NO,70.8578,29.0864,46.35,81,100,17.27,overcast clouds
36,Calvia,ES,39.5657,2.5062,81.07,86,100,8.95,overcast clouds
37,Bengkulu,ID,-3.8004,102.2655,78.94,81,100,2.46,overcast clouds
38,Nhulunbuy,AU,-12.2333,136.7667,84.81,48,75,12.66,broken clouds
39,Fort Nelson,CA,58.8053,-122.7002,60.39,59,75,11.5,broken clouds
40,Kruisfontein,ZA,-34.0033,24.7314,54.88,63,5,16.71,clear sky
41,Whitewater,US,42.8336,-88.7323,67.82,85,0,7.16,clear sky
42,Port Hardy,CA,50.6996,-127.4199,62.78,63,75,4.61,broken clouds
43,Kapaa,US,22.0752,-159.319,84.52,65,0,10.36,clear sky
44,Upata,VE,8.0086,-62.3989,72.14,95,100,3.02,overcast clouds
45,Vaini,TO,-21.2,-175.2,80.76,74,75,11.5,broken clouds
46,Castro Verde,PT,37.6983,-8.0858,63.82,96,6,5.75,clear sky
47,Nakhon Si Thammarat,TH,8.25,100.0,80.6,81,100,2.15,moderate rain
48,Chumikan,RU,54.7183,135.315,51.15,89,100,18.92,light rain
49,Codajas,BR,-3.8367,-62.0569,80.85,47,47,3.02,scattered clouds
50,Beira,MZ,-19.8436,34.8389,68.27,93,3,6.98,clear sky
51,Busselton,AU,-33.65,115.3333,50.7,85,82,4.81,light rain
52,San Andres,CO,12.5847,-81.7006,82.42,83,75,3.44,broken clouds
53,Carnarvon,AU,-24.8667,113.6333,64.04,56,79,16.24,broken clouds
54,Cape Town,ZA,-33.9258,18.4232,53.11,76,75,6.91,broken clouds
55,Airai,TL,-8.9266,125.4092,73.11,38,66,2.48,broken clouds
56,Hasaki,JP,35.7333,140.8333,84.6,79,100,12.84,overcast clouds
57,Longyearbyen,SJ,78.2186,15.6401,39.04,93,75,5.75,broken clouds
58,Bull Savanna,JM,17.8868,-77.5902,78.57,78,6,1.59,clear sky
59,Jamestown,US,42.097,-79.2353,69.03,72,100,6.91,overcast clouds
60,Coahuayana,MX,18.7333,-103.6833,75.38,97,100,3.91,overcast clouds
61,Vestmannaeyjar,IS,63.4427,-20.2734,53.29,78,88,5.37,overcast clouds
62,Ahipara,NZ,-35.1667,173.1667,57.13,53,1,9.28,clear sky
63,Bluff,NZ,-46.6,168.3333,41.81,61,100,19.08,overcast clouds
64,Hualmay,PE,-11.0964,-77.6139,61.3,80,5,8.16,clear sky
65,Puerto Ayora,EC,-0.7393,-90.3518,68.56,98,98,3.0,overcast clouds
66,Barrow,US,71.2906,-156.7887,39.22,75,100,10.36,overcast clouds
67,Hajduszovat,HU,47.3833,21.4833,62.78,72,100,8.05,light rain
68,Itaituba,BR,-4.2761,-55.9836,81.77,44,37,1.34,scattered clouds
69,Forbes,AU,-33.3833,148.0167,63.91,56,93,6.22,overcast clouds
70,Dikson,RU,73.5069,80.5464,35.92,76,100,22.97,light rain
71,Vanavara,RU,60.34,102.2797,41.58,91,39,7.76,scattered clouds
72,Marsabit,KE,2.3284,37.9899,62.28,62,8,11.72,clear sky
73,Pangody,RU,65.85,74.4859,39.07,91,100,9.93,overcast clouds
74,Khandyga,RU,62.6667,135.6,49.75,64,100,4.99,overcast clouds
75,Enterprise,US,36.0252,-115.2419,108.82,16,20,5.75,few clouds
76,Changli,CN,39.7042,119.1506,68.49,52,0,8.99,clear sky
77,Upernavik,GL,72.7868,-56.1549,40.98,88,100,28.86,light rain
78,Lavrentiya,RU,65.5833,-171.0,43.9,97,100,4.27,overcast clouds
79,Takoradi,GH,4.8845,-1.7554,74.8,91,98,6.51,overcast clouds
80,Omboue,GA,-1.5746,9.2618,74.12,84,14,8.21,few clouds
81,De Panne,BE,51.0792,2.5917,65.23,93,100,10.22,overcast clouds
82,Bridlington,GB,54.0831,-0.1919,64.53,90,62,6.69,broken clouds
83,Grindavik,IS,63.8424,-22.4338,48.67,100,0,8.05,clear sky
84,Hofn,IS,64.2539,-15.2082,52.66,77,11,10.33,few clouds
85,Hithadhoo,MV,-0.6,73.0833,82.04,69,100,18.05,overcast clouds
86,Ribeira Grande,PT,38.5167,-28.7,74.84,84,100,6.76,overcast clouds
87,Port Alfred,ZA,-33.5906,26.891,54.18,69,6,5.01,clear sky
88,Hobart,AU,-42.8794,147.3294,53.06,71,40,3.44,scattered clouds
89,Mar Del Plata,AR,-38.0023,-57.5575,64.42,39,0,9.22,clear sky
90,Luanda,AO,-8.8368,13.2343,69.01,91,56,5.93,broken clouds
91,Williams Lake,CA,52.1415,-122.1445,71.06,28,40,12.66,scattered clouds
92,Sochi,RU,43.6,39.7303,66.29,69,34,9.19,scattered clouds
93,Topeka,US,39.0483,-95.678,78.58,76,0,9.22,clear sky
94,Okhotsk,RU,59.3833,143.3,54.09,69,98,4.12,overcast clouds
95,East London,ZA,-33.0153,27.9116,59.09,53,0,16.93,clear sky
96,Qaanaaq,GL,77.484,-69.3632,41.31,91,100,7.25,light rain
97,Tabou,CI,4.423,-7.3528,74.97,92,98,7.05,light rain
98,Naousa,GR,40.6329,22.0534,65.5,77,55,2.17,broken clouds
99,La Reforma,MX,25.0833,-108.05,85.68,82,6,6.44,clear sky
100,Puerto Del Rosario,ES,28.5004,-13.8627,73.15,83,20,16.11,few clouds
101,Kalat,PK,29.0225,66.5916,64.2,39,0,4.63,clear sky
102,Saint Albans,GB,51.75,-0.3333,64.15,94,20,4.61,few clouds
103,Aklavik,CA,68.2191,-135.0107,40.44,71,98,20.07,overcast clouds
104,Thompson,CA,55.7435,-97.8558,78.96,44,40,5.75,scattered clouds
105,Nantucket,US,41.2835,-70.0995,70.02,92,0,4.61,clear sky
106,Saint-Augustin,CA,51.226,-58.6502,52.74,84,100,6.91,overcast clouds
107,Lima,PE,-12.0432,-77.0282,60.91,79,20,9.22,few clouds
108,Vao,NC,-22.6667,167.4833,67.08,61,100,10.51,overcast clouds
109,Bilma,NE,18.6853,12.9164,91.76,22,1,8.23,clear sky
110,Deder,ET,9.3167,41.45,56.73,79,18,5.26,light rain
111,Castro,BR,-24.7911,-50.0119,51.01,95,34,6.73,scattered clouds
112,Oranjemund,NA,-28.55,16.4333,51.82,68,0,15.05,clear sky
113,Kaitangata,NZ,-46.2817,169.8464,45.63,61,92,13.2,overcast clouds
114,Ilulissat,GL,69.2167,-51.1,41.02,93,100,2.3,mist
115,Cherskiy,RU,68.75,161.3,46.83,59,100,12.91,overcast clouds
116,Alofi,NU,-19.0595,-169.9187,82.29,65,75,11.5,broken clouds
117,Kendari,ID,-3.945,122.4989,76.15,91,100,2.66,overcast clouds
118,Hihya,EG,30.6713,31.588,70.97,93,0,5.77,clear sky
119,Chuy,UY,-33.6971,-53.4616,48.92,80,0,6.62,clear sky
120,Bethel,US,41.3712,-73.414,73.76,89,100,3.44,light rain
121,Kavieng,PG,-2.5744,150.7967,84.15,64,100,6.76,overcast clouds
122,Klaksvik,FO,62.2266,-6.589,56.32,93,80,21.39,light rain
123,Antsohihy,MG,-14.8796,47.9875,70.25,66,0,7.54,clear sky
124,Kidal,ML,18.4411,1.4078,91.27,24,0,6.62,clear sky
125,Luderitz,NA,-26.6481,15.1594,55.54,58,0,15.82,clear sky
126,Bambous Virieux,MU,-20.3428,57.7575,70.05,78,40,10.36,scattered clouds
127,Domoni,KM,-12.2569,44.5319,72.32,82,6,3.56,light rain
128,Asau,RO,46.4333,26.4,45.52,75,78,1.61,light rain
129,Torbay,CA,47.6666,-52.7314,62.76,91,100,11.99,overcast clouds
130,Vostok,RU,46.4856,135.8833,56.41,99,100,1.66,overcast clouds
131,Mahebourg,MU,-20.4081,57.7,70.09,78,40,10.36,scattered clouds
132,Georgetown,MY,5.4112,100.3354,81.9,91,20,3.44,few clouds
133,Maceio,BR,-9.6658,-35.7353,74.64,94,75,4.61,broken clouds
134,Marzuq,YE,14.4,46.4667,81.79,46,100,1.95,overcast clouds
135,Fortuna,US,40.5982,-124.1573,72.09,76,13,3.0,few clouds
136,Hermanus,ZA,-34.4187,19.2345,52.81,80,26,8.79,scattered clouds
137,Provideniya,RU,64.3833,-173.3,50.36,87,100,8.99,overcast clouds
138,Sioux Lookout,CA,50.1001,-91.917,69.87,60,40,5.75,scattered clouds
139,Clyde River,CA,70.4692,-68.5914,37.63,93,100,6.91,overcast clouds
140,Coquimbo,CL,-29.9533,-71.3436,53.33,100,100,5.75,overcast clouds
141,Mount Gambier,AU,-37.8333,140.7667,54.23,62,100,4.97,overcast clouds
142,Narsaq,GL,60.9167,-46.05,48.42,87,100,5.95,overcast clouds
143,Pontianak,ID,-0.0333,109.3333,73.38,94,40,4.61,light rain
144,Pitimbu,BR,-7.4706,-34.8086,72.19,86,48,12.37,scattered clouds
145,Hervey Bay,AU,-25.2986,152.8535,69.03,68,15,5.99,few clouds
146,Kodiak,US,57.79,-152.4072,60.31,63,100,3.44,overcast clouds
147,Verkhoturye,RU,58.8627,60.8054,42.64,77,100,1.03,overcast clouds
148,Guru Har Sahai,IN,30.7167,74.4167,77.68,78,95,4.88,overcast clouds
149,Saint-Philippe,RE,-21.3585,55.7679,67.59,74,55,13.0,broken clouds
150,Mount Isa,AU,-20.7333,139.5,74.97,27,5,4.61,clear sky
151,Abong Mbang,CM,3.9833,13.1833,65.93,100,100,1.88,light rain
152,Cabra,ES,37.4725,-4.4421,67.66,67,100,1.97,overcast clouds
153,Solnechnyy,RU,50.7214,136.6319,55.18,93,100,4.76,light rain
154,Were Ilu,ET,10.6,39.4333,49.33,84,6,3.65,clear sky
155,Kropotkin,RU,45.4375,40.5756,52.56,50,1,2.84,clear sky
156,Vorontsovka,RU,50.6132,40.3549,45.16,72,46,5.86,scattered clouds
157,Tessalit,ML,20.1986,1.0114,91.49,13,0,11.3,clear sky
158,Saint-Louis,SN,16.3333,-15.0,85.64,59,9,9.35,clear sky
159,Reconquista,AR,-29.15,-59.65,54.5,67,0,6.69,clear sky
160,Koumac,NC,-20.5667,164.2833,69.73,73,100,9.86,overcast clouds
161,Severomuysk,RU,56.1481,113.4267,40.06,80,100,4.81,overcast clouds
162,Tukrah,LY,32.5341,20.5791,77.38,71,2,14.14,clear sky
163,Yumen,CN,40.2833,97.2,69.01,17,0,8.7,clear sky
164,Dingle,PH,10.9995,122.6711,81.34,82,100,8.19,light rain
165,Lebanon,US,36.2081,-86.2911,77.97,89,0,3.44,clear sky
166,Vicente Guerrero,MX,19.1194,-98.1708,57.36,90,45,4.27,scattered clouds
167,Vung Tau,VN,10.346,107.0843,79.97,84,100,7.25,overcast clouds
168,Luau,AO,-10.7073,22.2247,70.07,45,8,3.94,clear sky
169,Ponca City,US,36.707,-97.0856,86.02,54,34,8.14,scattered clouds
170,Raudeberg,NO,61.9875,5.1352,54.27,25,23,6.02,few clouds
171,Bilibino,RU,68.0546,166.4372,37.26,81,100,4.99,overcast clouds
172,Vanimo,PG,-2.6741,141.3028,85.1,66,87,8.68,overcast clouds
173,Kholuy,RU,56.575,41.8692,43.29,92,100,6.96,overcast clouds
174,Shumyachi,RU,53.8583,32.4242,42.98,85,98,5.79,overcast clouds
175,Dunedin,NZ,-45.8742,170.5036,44.8,64,100,15.01,overcast clouds
176,Kralendijk,BQ,12.15,-68.2667,85.98,84,0,13.8,clear sky
177,Karratha,AU,-20.7377,116.8463,71.78,35,0,10.92,clear sky
178,Pisco,PE,-13.7,-76.2167,60.85,82,75,6.91,broken clouds
179,Lagoa,PT,39.05,-27.9833,72.43,76,95,7.94,overcast clouds
180,Alvorada,BR,-12.48,-49.1247,81.88,28,28,4.7,scattered clouds
181,Aksu,CN,41.1231,80.2644,71.01,24,4,3.06,clear sky
182,Porosozero,RU,62.7191,32.727,43.84,88,100,6.98,overcast clouds
183,Ouargaye,BF,11.5033,0.0572,76.26,84,16,6.96,few clouds
184,Tuatapere,NZ,-46.1333,167.6833,46.08,64,97,11.25,overcast clouds
185,Taloqan,AF,36.7361,69.5345,72.91,18,0,5.57,clear sky
186,Broken Hill,AU,-31.95,141.4333,62.13,38,7,9.69,clear sky
187,Tawau,MY,4.2498,117.8871,75.33,94,100,3.11,light rain
188,Byron Bay,AU,-28.65,153.6167,63.95,69,49,11.65,scattered clouds
189,Olafsvik,IS,64.8945,-23.7142,50.38,70,100,4.94,overcast clouds
190,Nanortalik,GL,60.1432,-45.2371,43.95,94,100,6.2,overcast clouds
191,Hovd,MN,48.0056,91.6419,64.98,30,10,1.9,clear sky
192,Namibe,AO,-15.1961,12.1522,61.25,91,23,3.15,few clouds
193,Alice Springs,AU,-23.7,133.8833,69.35,28,100,11.5,overcast clouds
194,Zhaoqing,CN,23.0512,112.4597,86.83,53,41,2.39,scattered clouds
195,Bloemfontein,ZA,-29.1211,26.214,35.08,75,0,2.3,clear sky
196,Krasnyye Baki,RU,57.131,45.1599,44.17,97,100,5.64,overcast clouds
197,Lac Du Bonnet,CA,50.2536,-96.0612,70.97,40,0,12.86,clear sky
198,Camabatela,AO,-8.1881,15.375,63.32,88,38,2.42,scattered clouds
199,Beihai,CN,21.4833,109.1,83.25,57,95,8.08,overcast clouds
200,Cidreira,BR,-30.1811,-50.2056,60.15,81,87,16.98,overcast clouds
201,Constitucion,CL,-35.3333,-72.4167,55.17,83,1,5.77,clear sky
202,Mwinilunga,ZM,-11.7358,24.4293,65.05,35,0,2.33,clear sky
203,Swan River,CA,52.1058,-101.2676,82.29,39,0,9.22,clear sky
204,Mehamn,NO,71.0357,27.8492,46.31,87,100,16.11,overcast clouds
205,Santa Maria,BR,-29.6842,-53.8069,54.7,88,0,4.61,clear sky
206,Noumea,NC,-22.2763,166.4572,71.58,65,100,10.18,overcast clouds
207,Smolenka,RU,52.1352,113.4974,55.47,71,20,6.71,few clouds
208,Nelson Bay,AU,-32.7167,152.15,60.01,94,78,5.99,light rain
209,Saldanha,ZA,-33.0117,17.9442,50.05,77,21,3.2,few clouds
210,Baltay,RU,52.4652,46.6308,46.02,59,93,5.14,overcast clouds
211,Buraydah,SA,26.326,43.975,81.05,11,0,7.52,clear sky
212,Cabedelo,BR,-6.9811,-34.8339,72.27,87,28,11.97,scattered clouds
213,Iquique,CL,-20.2208,-70.1431,57.24,70,50,2.73,scattered clouds
214,Samarai,PG,-10.6167,150.6667,82.96,73,2,9.4,clear sky
215,Talaya,RU,61.3833,152.75,53.56,41,6,5.55,clear sky
216,Kem,RU,64.9555,34.5793,46.96,89,100,11.68,light rain
217,Kandi,BJ,11.1342,2.9386,72.57,95,23,3.53,light rain
218,Matara,LK,5.9485,80.5353,76.77,91,100,11.72,light rain
219,Indian Harbour Beach,US,28.1489,-80.5884,87.04,78,0,11.5,clear sky
220,Talnakh,RU,69.4865,88.3972,40.21,96,100,2.1,light rain
221,Shaoyang,CN,27.2315,111.4525,80.96,40,6,1.88,clear sky
222,Hambantota,LK,6.1241,81.1185,75.54,100,40,6.91,light rain
223,Umm Lajj,SA,25.0213,37.2685,83.73,77,0,3.31,clear sky
224,Ozu,JP,33.5,132.55,89.22,81,100,23.35,overcast clouds
225,Vardo,NO,70.3705,31.1107,46.38,76,100,17.27,overcast clouds
226,Mazamari,PE,-11.3258,-74.5308,70.11,71,76,1.74,broken clouds
227,Husavik,IS,66.0449,-17.3389,50.61,86,100,1.7,overcast clouds
228,Mill Valley,US,37.906,-122.545,110.88,65,5,6.98,clear sky
229,Geraldton,AU,-28.7667,114.6,59.41,77,75,18.41,light rain
230,Cairns,AU,-16.9167,145.7667,82.06,71,100,8.05,overcast clouds
231,Huarmey,PE,-10.0681,-78.1522,61.75,82,10,7.83,clear sky
232,Synya,RU,65.3718,58.0387,41.83,98,100,5.99,overcast clouds
233,Hailar,CN,49.2,119.7,49.24,51,7,4.85,clear sky
234,Khor,RU,47.8861,134.9464,64.29,83,100,4.59,light rain
235,Yeppoon,AU,-23.1333,150.7333,71.38,74,72,14.54,broken clouds
236,Bambanglipuro,ID,-7.95,110.2833,79.72,78,61,8.93,broken clouds
237,Lasa,IT,46.6166,10.7002,57.36,86,0,0.74,clear sky
238,Poum,NC,-20.2333,164.0167,68.9,78,100,12.33,overcast clouds
239,Brigantine,US,39.4101,-74.3646,77.2,85,0,8.05,clear sky
240,Gainesville,US,29.6516,-82.3248,85.08,81,57,1.07,broken clouds
241,Brae,GB,60.3964,-1.353,58.53,89,98,21.05,overcast clouds
242,Santiago Del Estero,AR,-27.7951,-64.2615,63.18,22,0,7.94,clear sky
243,Qarqin,AF,37.4185,66.0436,73.47,18,0,3.0,clear sky
244,Pangkalanbuun,ID,-2.6833,111.6167,80.71,77,98,3.11,overcast clouds
245,Ust-Ishim,RU,57.6935,71.1665,39.43,90,33,4.76,scattered clouds
246,Tiksi,RU,71.6872,128.8694,45.97,53,99,16.15,overcast clouds
247,Severnoye,RU,56.3491,78.3619,47.77,97,100,5.46,light rain
248,Yellowknife,CA,62.456,-114.3525,57.72,77,75,10.36,broken clouds
249,Yablochnyy,RU,47.1661,142.0661,67.24,98,100,6.8,overcast clouds
250,Naryan-Mar,RU,67.6713,53.087,44.4,95,100,8.48,overcast clouds
251,Shimoda,JP,34.6667,138.95,86.36,69,51,7.14,broken clouds
252,Jeremie,HT,18.65,-74.1167,82.13,83,47,5.08,scattered clouds
253,Ponta Delgada,PT,37.7333,-25.6667,73.51,83,20,1.14,few clouds
254,Wanning,CN,18.8003,110.3967,83.12,61,65,3.11,broken clouds
255,Katsuura,JP,35.1333,140.3,83.44,71,67,10.29,broken clouds
256,Isangel,VU,-19.55,169.2667,73.51,88,100,11.5,heavy intensity rain
257,Kuusamo,FI,65.9667,29.1833,44.64,93,20,4.61,few clouds
258,General Roca,AR,-39.0333,-67.5833,69.21,14,96,6.42,overcast clouds
259,Ormara,PK,25.2088,64.6357,80.65,78,51,7.23,broken clouds
260,Salalah,OM,17.0151,54.0924,76.71,93,100,4.76,overcast clouds
261,Pyaozerskiy,RU,65.8333,31.1667,46.36,89,100,7.27,light rain
262,Ginir,ET,7.1333,40.7,59.04,85,74,3.09,light rain
263,Bonavista,CA,48.6499,-53.1147,59.97,91,100,12.8,overcast clouds
264,Pires Do Rio,BR,-17.2997,-48.2794,73.26,37,58,5.5,broken clouds
265,Chadiza,ZM,-14.0678,32.4392,62.4,47,0,2.62,clear sky
266,Yelovo,RU,57.0538,54.9207,46.22,78,100,2.64,overcast clouds
267,Antibes,FR,43.5624,7.1278,74.68,68,0,2.3,clear sky
268,Churapcha,RU,62.0025,132.4325,54.48,59,99,10.54,overcast clouds
269,Esperance,AU,-33.8667,121.9,57.04,78,83,11.79,broken clouds
270,Slantsy,RU,59.1182,28.0914,46.11,75,100,4.41,overcast clouds
271,Gigmoto,PH,13.7796,124.39,85.08,75,78,6.69,broken clouds
272,Nikolskoye,RU,59.7035,30.7861,46.87,77,92,4.16,overcast clouds
273,Guia Lopes Da Laguna,BR,-21.4578,-56.1142,68.79,69,100,5.01,overcast clouds
274,Norman Wells,CA,65.282,-126.8329,46.44,87,100,19.57,light rain
275,Goderich,CA,43.7501,-81.7165,70.12,78,100,3.44,overcast clouds
276,Moron,AR,-34.6534,-58.6198,61.97,61,0,5.19,clear sky
277,Krasnyy Yar,RU,46.5331,48.3456,53.53,55,3,6.13,clear sky
278,Margate,GB,51.3813,1.3862,65.3,92,100,1.99,light rain
279,Saurimo,AO,-9.6608,20.3916,68.86,69,3,4.47,clear sky
280,Sungurlu,TR,40.1675,34.3739,58.51,85,100,5.61,overcast clouds
281,Tateyama,JP,34.9833,139.8667,82.92,73,13,11.43,few clouds
282,Cabo San Lucas,MX,22.8909,-109.9124,89.62,85,100,0.13,overcast clouds
283,Frunze,UA,48.6686,38.7544,46.51,88,52,5.73,broken clouds
284,Petatlan,MX,17.5167,-101.2667,78.1,87,100,10.27,overcast clouds
285,Oriximina,BR,-1.7656,-55.8661,82.04,54,61,2.46,broken clouds
286,Lebu,CL,-37.6167,-73.65,49.21,76,40,3.31,scattered clouds
287,Xining,CN,36.6167,101.7667,52.65,57,0,2.71,clear sky
288,Dasoguz,TM,41.8363,59.9666,71.55,49,0,11.5,clear sky
289,Los Llanos De Aridane,ES,28.6585,-17.9182,69.55,95,20,10.36,few clouds
290,Camacha,PT,33.0833,-16.3333,67.42,83,20,6.91,few clouds
291,Bela,IN,25.9333,81.9833,82.6,71,77,3.65,broken clouds
292,Talavera,PH,15.6167,120.9333,81.68,83,100,3.47,overcast clouds
293,Camacupa,AO,-12.0167,17.4833,65.89,58,61,1.95,broken clouds
294,Numan,NG,9.4667,12.0333,72.39,96,98,4.25,light rain
295,Havelock,US,34.8791,-76.9013,84.18,83,67,1.01,broken clouds
296,Kita,ML,13.0349,-9.4895,73.92,86,100,2.46,overcast clouds
297,Port Elizabeth,ZA,-33.918,25.5701,57.49,65,0,17.27,clear sky
298,Ostrovnoy,RU,68.0531,39.5131,45.55,92,100,18.01,light rain
299,Lorengau,PG,-2.0226,147.2712,85.12,62,92,9.4,overcast clouds
300,Iqaluit,CA,63.7506,-68.5145,40.73,80,75,6.91,broken clouds
301,Naze,JP,28.3667,129.4833,81.52,81,100,12.24,overcast clouds
302,Batagay-Alyta,RU,67.8006,130.4114,42.84,50,100,4.54,overcast clouds
303,Neyshabur,IR,36.2133,58.7958,69.57,19,0,2.33,clear sky
304,Gobabis,NA,-22.45,18.9667,52.43,29,0,10.58,clear sky
305,Grand Gaube,MU,-20.0064,57.6608,70.2,71,8,5.99,clear sky
306,Sibolga,ID,1.7427,98.7792,79.92,78,100,1.12,moderate rain
307,Havoysund,NO,70.9963,24.6622,46.63,81,100,13.58,overcast clouds
308,Narasannapeta,IN,18.4167,84.05,81.7,82,28,2.66,scattered clouds
309,Aguimes,ES,27.9054,-15.4461,70.66,78,40,20.71,scattered clouds
310,Maldonado,UY,-34.6667,-54.9167,53.22,77,0,6.58,clear sky
311,Mudbidri,IN,13.0833,74.9833,76.62,94,40,3.44,fog
312,Green River,US,41.5286,-109.4662,91.8,13,6,5.99,clear sky
313,Grenada,ES,37.1882,-3.6067,66.67,48,0,3.0,clear sky
314,Pacific Grove,US,36.6177,-121.9166,92.34,61,0,5.75,clear sky
315,Dharchula,IN,29.85,80.5333,67.3,85,0,3.69,clear sky
316,Severo-Kurilsk,RU,50.6789,156.125,56.08,89,82,8.03,broken clouds
317,Tura,IN,25.5198,90.2201,76.15,91,100,3.94,moderate rain
318,Tuskegee,US,32.424,-85.6916,79.95,100,100,2.62,overcast clouds
319,Sterling,US,39.0062,-77.4286,76.12,88,100,1.99,overcast clouds
320,Kumla,SE,59.1277,15.1434,51.67,94,40,4.61,fog
321,Mitsamiouli,KM,-11.3847,43.2844,74.16,76,0,10.29,clear sky
322,Gravdal,NO,68.1214,13.5031,49.57,80,100,10.92,overcast clouds
323,Ulaanbaatar,MN,47.9077,106.8832,39.33,75,40,2.24,scattered clouds
324,Tingo Maria,PE,-9.2895,-76.0088,69.76,90,100,1.74,overcast clouds
325,Carutapera,BR,-1.195,-46.02,78.82,83,27,9.04,scattered clouds
326,Gyanpur,IN,25.35,82.4667,82.35,70,96,3.15,overcast clouds
327,Chickasha,US,35.0526,-97.9364,85.35,51,0,4.61,clear sky
328,Yarega,RU,63.4354,53.5765,41.31,97,100,4.65,overcast clouds
329,Gat,IL,31.61,34.7642,74.39,100,0,4.38,clear sky
330,High Level,CA,58.5169,-117.136,59.11,72,75,3.44,broken clouds
331,Astoria,US,46.1879,-123.8313,69.69,71,0,16.11,clear sky
332,Pevek,RU,69.7008,170.3133,32.94,99,100,3.78,light snow
333,Nyurba,RU,63.2842,118.3319,46.06,88,100,7.81,overcast clouds
334,Ormond Beach,US,29.2858,-81.0559,85.01,84,75,3.44,broken clouds
335,Troitsko-Pechorsk,RU,62.7084,56.1964,41.63,92,100,4.32,overcast clouds
336,Mandalgovi,MN,45.7625,106.2708,58.1,43,6,7.67,clear sky
337,Waingapu,ID,-9.6567,120.2641,83.12,64,100,9.53,overcast clouds
338,San Francisco,US,37.7749,-122.4194,112.51,55,20,16.11,few clouds
339,Kirakira,SB,-10.4544,161.9205,85.84,65,5,9.35,clear sky
340,Ranong,TH,9.9658,98.6348,76.93,92,100,9.78,overcast clouds
341,Okha,RU,53.5739,142.9478,57.83,86,100,14.88,overcast clouds
342,Caluquembe,AO,-13.7833,14.6833,60.73,58,24,2.21,few clouds
343,Paamiut,GL,61.994,-49.6678,39.38,98,100,7.74,light rain
344,Toora-Khem,RU,52.4675,96.11,52.2,79,100,1.72,overcast clouds
345,Inuvik,CA,68.3499,-133.7218,41.86,81,100,14.97,overcast clouds
346,Tuktoyaktuk,CA,69.4541,-133.0374,41.0,81,75,24.16,broken clouds
347,Port Lincoln,AU,-34.7333,135.8667,58.59,62,1,14.03,clear sky
348,Saint-Francois,FR,46.4154,3.9054,63.84,88,47,0.0,scattered clouds
349,Nampula,MZ,-15.1165,39.2666,60.62,91,0,2.84,clear sky
350,Touros,BR,-5.1989,-35.4608,75.45,83,29,13.96,scattered clouds
351,Xinqing,CN,48.2333,129.5,50.02,97,100,0.69,overcast clouds
352,Sao Joao Do Paraiso,BR,-15.3136,-42.0144,63.32,87,100,9.71,overcast clouds
353,Oktyabrskoye,RU,43.0645,44.7417,50.14,100,100,4.47,overcast clouds
354,Te Anau,NZ,-45.4167,167.7167,40.37,75,40,1.52,scattered clouds
355,Saskylakh,RU,71.9167,114.0833,44.31,69,100,16.2,overcast clouds
356,Banda Aceh,ID,5.5577,95.3222,79.59,78,100,10.38,overcast clouds
357,Maarianhamina,AX,60.0973,19.9348,53.55,73,24,11.14,few clouds
358,Zhigalovo,RU,54.8097,105.1578,52.05,84,99,4.72,overcast clouds
359,Gurupi,BR,-11.7292,-49.0686,84.78,27,93,5.66,overcast clouds
360,Nishihara,JP,26.1842,127.7558,83.86,89,75,14.97,mist
361,Victor Harbor,AU,-35.5667,138.6167,56.68,75,97,8.37,overcast clouds
362,Zhanakorgan,KZ,43.9098,67.2495,75.81,20,0,6.02,clear sky
363,Surgut,RU,61.25,73.4167,39.38,100,40,4.47,fog
364,Lawton,US,34.6087,-98.3903,83.41,45,96,7.63,overcast clouds
365,Naberera,TZ,-4.2,36.9333,56.71,88,10,5.73,clear sky
366,Danville,US,36.586,-79.395,75.02,95,100,3.15,light rain
367,Kismayo,SO,-0.3582,42.5454,74.71,80,0,15.5,clear sky
368,Lahij,YE,13.1667,44.5833,86.29,59,30,0.83,scattered clouds
369,Egvekinot,RU,66.3167,-179.1667,31.86,97,100,12.3,light snow
370,Sorong,ID,-0.8833,131.25,81.21,80,16,4.29,few clouds
371,Dauriya,RU,49.9333,116.8667,46.6,87,100,2.08,light rain
372,Verkhnyaya Inta,RU,65.9811,60.3094,41.49,94,100,11.56,light rain
373,Nalut,LY,30.3333,10.85,86.97,25,4,9.48,clear sky
374,Tricase,IT,39.9304,18.3553,73.04,72,0,11.1,clear sky
375,Cardston,CA,49.2,-113.3019,79.09,12,1,11.5,clear sky
376,Ulladulla,AU,-35.35,150.4667,58.77,76,100,7.85,overcast clouds
377,Zonguldak,TR,41.25,31.8333,54.43,91,93,3.8,overcast clouds
378,Menongue,AO,-14.6585,17.691,65.89,36,88,0.74,overcast clouds
379,Tazovskiy,RU,67.4667,78.7,38.35,88,68,15.52,broken clouds
380,Khatanga,RU,71.9667,102.5,42.03,90,100,8.46,overcast clouds
381,Larap,PH,14.299,122.6504,84.4,76,100,4.29,overcast clouds
382,Chute-Aux-Outardes,CA,49.1168,-68.399,48.18,93,0,0.0,clear sky
383,Kilimatinde,TZ,-5.85,34.95,65.34,55,0,2.26,clear sky
384,Corning,US,42.1428,-77.0547,69.76,97,75,4.61,light rain
385,Pangnirtung,CA,66.1451,-65.7125,36.97,98,100,3.83,overcast clouds
386,Mafinga,TZ,-7.25,35.0667,66.31,54,5,0.27,clear sky
387,Adrar,MR,20.5022,-10.0711,93.15,26,91,9.57,overcast clouds
388,Boende,CD,-0.2167,20.8667,70.18,96,0,1.92,clear sky
389,Tromso,NO,69.6496,18.957,46.42,87,100,12.66,overcast clouds
390,Puerto Quijarro,BO,-17.7833,-57.7667,73.44,27,0,5.73,clear sky
391,Altamira,BR,-3.2033,-52.2064,81.79,52,91,2.77,overcast clouds
392,Petropavlovsk-Kamchatskiy,RU,53.0452,158.6483,63.19,68,40,4.47,scattered clouds
393,Mandera,KE,3.9366,41.867,74.25,58,0,17.74,clear sky
394,Odweyne,SO,9.4092,45.064,76.23,50,53,14.56,broken clouds
395,Sabang,ID,5.8933,95.3214,81.9,74,100,16.37,overcast clouds
396,Doaba,PK,33.4244,70.7364,74.84,78,0,0.63,clear sky
397,Gornopravdinsk,RU,60.05,69.9,39.33,96,64,2.86,broken clouds
398,Betong,TH,5.7743,101.0723,75.6,93,100,0.81,overcast clouds
399,Itoman,JP,26.1247,127.6694,84.58,89,75,14.97,broken clouds
400,Klerksdorp,ZA,-26.8521,26.6667,48.85,40,100,7.2,overcast clouds
401,Chicama,PE,-7.8447,-79.1469,59.54,78,17,5.48,few clouds
402,Cunha,BR,-23.0744,-44.9597,54.9,96,100,3.13,overcast clouds
403,Smithers,CA,54.7804,-127.1743,57.52,54,20,6.91,few clouds
404,Agua Dulce,MX,18.1333,-94.1333,78.46,84,36,5.26,scattered clouds
405,Batagay,RU,67.6333,134.6333,51.37,43,100,7.58,overcast clouds
406,Ancud,CL,-41.8697,-73.8203,49.23,80,100,14.56,overcast clouds
407,Saint George,US,37.1041,-113.5841,106.39,14,0,12.66,clear sky
408,Suntar,RU,62.1444,117.6319,45.75,87,100,9.71,overcast clouds
409,Sao Filipe,CV,14.8961,-24.4956,80.04,80,100,2.98,light rain
410,Luangwa,ZM,-15.6167,30.4167,64.9,53,0,1.05,clear sky
411,Amapa,BR,1.0,-52.0,75.94,81,100,5.41,overcast clouds
412,Laem Sing,TH,12.4816,102.0738,84.42,98,100,2.75,overcast clouds
413,Ust-Nera,RU,64.5667,143.2,52.88,38,100,5.46,overcast clouds
414,Esil,KZ,51.9556,66.4042,65.79,40,100,8.77,overcast clouds
415,Stromness,GB,58.965,-3.296,58.96,93,100,14.0,overcast clouds
416,Demba,CD,-5.51,22.2667,69.98,84,0,2.75,clear sky
417,Iberia,US,29.9502,-91.7507,80.1,86,100,5.66,overcast clouds
418,Kinablangan,PH,7.6947,126.5503,81.05,75,100,1.41,overcast clouds
419,Victoria,HK,22.2855,114.1577,89.26,56,48,3.0,scattered clouds
420,Bismil,TR,37.8486,40.6658,78.53,29,0,4.88,clear sky
421,Berezovyy,RU,51.6667,135.7,54.28,94,100,4.47,light rain
422,Lethem,GY,3.3803,-59.7968,78.96,74,100,4.47,overcast clouds
423,Jinchang,CN,38.4953,102.1739,68.34,20,0,3.83,clear sky
424,Gouyave,GD,12.1646,-61.7296,83.17,79,75,16.11,broken clouds
425,Tempio Pausania,IT,40.8974,9.1035,67.12,71,5,2.82,clear sky
426,Kapuskasing,CA,49.4169,-82.4331,62.69,77,40,3.44,scattered clouds
427,Ryotsu,JP,38.0833,138.4333,81.79,72,78,8.61,broken clouds
428,Louny,CZ,50.357,13.7967,62.44,92,99,2.46,overcast clouds
429,Konya,TR,38.1667,32.5,59.86,68,74,8.63,light rain
430,Drovyanaya,RU,51.5833,113.0333,51.98,74,99,7.16,overcast clouds
431,Vitoria Do Mearim,BR,-3.4622,-44.8706,76.91,87,20,4.43,few clouds
432,Hami,CN,42.8,93.45,78.76,15,0,6.67,clear sky
433,Staicele,LV,57.8364,24.75,37.6,92,6,1.79,clear sky
434,Yaypan,UZ,40.3758,70.8156,75.02,19,0,3.76,clear sky
435,Guadalupe Y Calvo,MX,26.1,-106.9667,57.58,91,96,2.15,overcast clouds
436,Kununurra,AU,-15.7667,128.7333,82.38,32,5,3.44,clear sky
437,Poronaysk,RU,49.2167,143.1167,60.01,99,100,6.85,overcast clouds
438,Vila Velha,BR,-20.3297,-40.2925,69.75,86,75,10.36,broken clouds
439,Pundaguitan,PH,6.3711,126.1689,82.53,66,100,1.72,overcast clouds
440,Kotelnich,RU,58.3089,48.348,40.28,91,97,4.38,overcast clouds
441,Kandrian,PG,-6.2167,149.55,87.49,59,15,10.02,few clouds
442,Roald,NO,62.5833,6.1333,57.33,93,91,8.05,overcast clouds
443,Shchigry,RU,51.8755,36.9043,39.02,97,23,7.7,few clouds
444,Yerbogachen,RU,61.2767,108.0108,41.23,87,100,11.56,overcast clouds
445,Mendeleyevsk,RU,55.9082,52.2905,43.84,68,100,4.07,overcast clouds
446,Gogrial,SS,8.5332,28.1004,70.99,95,43,3.22,scattered clouds
447,Terrasini,IT,38.146,13.0844,80.17,76,0,10.36,clear sky
448,Faanui,PF,-16.4833,-151.75,78.08,74,12,15.08,few clouds
449,Longhua,CN,23.6137,114.1919,83.41,55,94,2.86,overcast clouds
450,Bedesa,ET,8.9,40.7833,60.96,84,13,2.93,light rain
451,Gasa,PS,31.5,34.4667,71.89,76,7,4.43,clear sky
452,Bud,US,39.447,-86.1758,75.15,92,59,7.09,broken clouds
453,Wewak,PG,-3.5534,143.6268,83.75,72,42,7.87,scattered clouds
454,Kalmunai,LK,7.4167,81.8167,77.77,84,100,5.64,light rain
455,Teya,RU,60.3778,92.6267,41.47,94,100,6.26,overcast clouds
456,Srednekolymsk,RU,67.45,153.6833,51.24,49,92,9.48,overcast clouds
457,Sorland,NO,67.667,12.6934,49.86,75,100,11.92,overcast clouds
458,Alcala De Henares,ES,40.4821,-3.36,71.53,61,0,2.3,clear sky
459,Port-Gentil,GA,-0.7193,8.7815,75.79,85,28,13.29,scattered clouds
460,Sharjah,AE,25.3573,55.4033,91.38,61,0,6.91,clear sky
461,Nemuro,JP,43.3236,145.575,66.83,86,39,15.68,scattered clouds
462,Noshiro,JP,40.2039,140.0242,79.63,64,100,10.54,overcast clouds
463,Bathsheba,BB,13.2167,-59.5167,81.21,89,20,5.75,few clouds
464,Whitehorse,CA,60.7161,-135.0538,60.03,51,75,6.91,broken clouds
465,Vila Franca Do Campo,PT,37.7167,-25.4333,73.2,84,71,1.88,broken clouds
466,Lashio,MM,22.9333,97.75,71.2,95,95,1.07,overcast clouds
467,Codrington,AU,-38.2667,141.9667,53.74,71,100,10.29,overcast clouds
468,Bayan,CN,46.0833,127.4,60.03,62,95,5.08,overcast clouds
469,Cockburn Town,TC,21.4612,-71.1419,83.35,75,49,12.1,scattered clouds
470,Atikokan,CA,48.7555,-91.6216,61.88,60,0,7.36,clear sky
471,Kokopo,PG,-4.352,152.2633,86.13,61,70,12.71,broken clouds
472,Tasiilaq,GL,65.6145,-37.6368,41.16,94,86,6.46,overcast clouds
473,Bhuj,IN,23.2667,69.6667,79.99,65,90,9.42,overcast clouds
474,Ayagoz,KZ,47.9714,80.4392,67.5,32,0,6.58,clear sky
475,Apeldoorn,NL,52.21,5.9694,69.03,80,75,5.75,moderate rain
476,Oranjestad,AW,12.524,-70.027,85.95,79,20,11.5,few clouds
477,Kashi,CN,39.4547,75.9797,69.01,37,0,8.95,clear sky
478,Oudtshoorn,ZA,-33.5907,22.2014,48.56,77,11,2.01,few clouds
479,Faya,SA,18.3851,42.4509,68.11,67,2,3.96,clear sky
480,Mori,JP,34.8333,137.9333,79.65,75,100,9.66,overcast clouds
481,Otane,NZ,-39.8833,176.6333,50.02,54,99,10.76,overcast clouds
482,Axim,GH,4.8699,-2.2405,74.71,91,84,5.97,light rain
483,Meulaboh,ID,4.1363,96.1285,77.27,80,99,3.6,overcast clouds
484,Tabuk,PH,17.4189,121.4443,81.63,81,100,3.18,overcast clouds
485,Badou,TG,7.5833,0.6,70.21,98,54,2.95,broken clouds
486,Rurrenabaque,BO,-14.4413,-67.5278,71.53,44,8,1.88,clear sky
487,Arawa,PG,-6.2132,155.5367,88.39,56,17,6.46,few clouds
488,Niksar,TR,40.5917,36.9517,62.71,95,100,4.5,overcast clouds
489,Prince Rupert,CA,54.3161,-130.3201,62.69,71,0,10.36,clear sky
490,Koudougou,BF,12.25,-2.3667,76.53,85,66,7.65,broken clouds
491,Buala,SB,-8.145,159.5921,85.6,66,39,8.08,scattered clouds
492,West Wendover,US,40.7391,-114.0733,97.81,11,0,9.22,clear sky
493,Berezovka,BY,53.7214,25.4993,40.77,74,37,2.73,scattered clouds
494,Corralillo,CU,22.9819,-80.5856,79.9,84,1,9.98,clear sky
495,Cedar City,US,37.6775,-113.0619,95.97,10,0,6.91,clear sky
496,Aykhal,RU,66.0,111.5,37.44,99,100,5.5,light rain
497,Karatau,KZ,43.1667,70.4667,70.39,21,0,3.22,clear sky
498,Limoux,FR,42.9167,2.1667,71.71,87,99,3.71,overcast clouds
499,Richards Bay,ZA,-28.783,32.0377,66.74,69,100,8.97,overcast clouds
500,Sisimiut,GL,66.9395,-53.6735,39.92,91,100,21.68,overcast clouds
501,Reitz,ZA,-27.8014,28.4273,46.51,40,100,6.76,overcast clouds
502,Christchurch,NZ,-43.5333,172.6333,49.91,49,7,13.8,clear sky
503,Chapais,CA,49.7834,-74.8492,55.18,57,0,2.42,clear sky
504,Sampit,ID,-2.5333,112.95,79.38,78,100,3.29,overcast clouds
505,Zunyi,CN,27.6867,106.9072,71.96,66,21,2.21,few clouds
506,Dwarka,IN,22.2394,68.9678,79.66,73,100,10.71,overcast clouds
507,Kijini,TZ,-5.85,39.3167,73.35,81,57,7.76,broken clouds
508,Angoche,MZ,-16.2325,39.9086,68.99,84,0,4.54,clear sky
509,San Carlos De Bariloche,AR,-41.1456,-71.3082,53.35,28,0,16.11,clear sky
510,Urubicha,BO,-15.3833,-62.95,70.03,40,0,2.75,clear sky
511,Belfast,GB,54.5833,-5.9333,62.42,88,20,10.36,light rain
512,Cravo Norte,CO,6.3017,-70.2041,74.05,84,84,4.7,broken clouds
513,Tiznit,MA,29.5833,-9.5,71.26,56,42,1.03,scattered clouds
514,Yenagoa,NG,4.9247,6.2642,74.12,96,98,3.22,light rain
515,Rocha,UY,-34.4833,-54.3333,49.15,83,0,6.82,clear sky
516,Salacgriva,LV,57.7536,24.3581,41.95,80,35,4.41,scattered clouds
517,Zhezkazgan,KZ,47.8043,67.7144,66.18,27,0,2.24,clear sky
518,Praia Da Vitoria,PT,38.7333,-27.0667,73.76,83,40,4.47,scattered clouds
519,Chiang Rai,TH,19.9167,99.9167,79.0,99,40,3.44,scattered clouds
520,Zhoucheng,CN,35.9122,116.3117,76.98,72,0,4.59,clear sky
521,Muzhi,RU,65.3667,64.6667,42.55,84,100,10.98,overcast clouds
522,Kouango,CF,4.9934,19.9619,69.8,98,99,0.38,overcast clouds
523,Ponoka,CA,52.6768,-113.5815,64.38,55,88,15.73,overcast clouds
524,Thunder Bay,CA,48.4001,-89.3168,58.98,82,20,9.22,few clouds
525,Keti Bandar,PK,24.1447,67.4497,79.5,79,100,11.83,overcast clouds
526,Muisne,EC,0.6,-80.0333,74.34,84,100,7.0,overcast clouds
527,Khilok,RU,51.3674,110.4676,51.06,69,38,5.35,scattered clouds
528,Kahului,US,20.8947,-156.47,86.02,78,40,19.57,light rain
529,Ranau,MY,5.9538,116.6641,70.66,96,100,0.83,moderate rain
530,Ghanzi,BW,-21.5667,21.7833,56.82,22,0,9.75,clear sky
531,Osakarovka,KZ,50.565,72.5692,69.67,30,56,11.23,broken clouds
532,Catamarca,AR,-28.4696,-65.7852,56.59,25,0,8.25,clear sky
533,Necochea,AR,-38.5473,-58.7368,55.15,48,0,11.1,clear sky
534,San Quintin,MX,30.4833,-115.95,76.66,80,1,10.76,clear sky
535,Kanpur,IN,26.4667,80.35,82.36,67,11,5.06,few clouds
536,Emerald,AU,-23.5333,148.1667,69.35,57,1,14.74,clear sky
537,Qiongshan,CN,20.0058,110.3542,80.58,83,0,4.47,clear sky
538,Loralai,PK,30.3705,68.598,70.38,72,0,1.21,clear sky
539,Ciudad Bolivar,VE,8.1222,-63.5497,79.61,82,100,3.29,overcast clouds
540,Anamur,TR,36.0751,32.8369,80.56,65,4,3.91,clear sky
541,Tecoanapa,MX,16.5167,-98.75,78.87,82,96,7.02,overcast clouds
542,Kearney,US,40.6995,-99.0815,79.36,49,0,5.01,clear sky
543,Skjervoy,NO,70.0311,20.9714,48.2,91,100,17.56,overcast clouds
544,Ketchikan,US,55.3422,-131.6461,61.27,67,75,12.66,broken clouds
545,Trelew,AR,-43.249,-65.3051,68.77,19,100,10.29,overcast clouds
546,Khani,GE,41.9563,42.9566,56.77,98,100,1.83,overcast clouds
547,Homer,US,59.6425,-151.5483,61.77,85,31,13.0,scattered clouds
548,Hilton Head Island,US,32.2163,-80.7526,83.98,90,0,3.44,clear sky
549,Deputatskiy,RU,69.3,139.9,48.74,46,15,3.85,few clouds
550,Una,IN,20.8167,71.0333,76.8,82,6,6.26,clear sky
551,Salta,AR,-24.7859,-65.4117,61.39,34,0,5.75,clear sky
552,Piterka,RU,50.6803,47.4454,47.95,54,82,7.29,broken clouds
553,Tecpan,GT,14.7623,-90.9947,58.89,99,100,1.41,overcast clouds
554,Atasu,KZ,48.6814,71.6433,70.45,31,26,6.26,scattered clouds
555,Seoul,KR,37.5683,126.9778,71.04,85,75,13.8,broken clouds
556,Khash,IR,28.2211,61.2158,69.42,14,0,1.32,clear sky
557,Tambo,PE,-14.8,-73.9167,35.46,34,0,2.55,clear sky
558,Ambulu,ID,-8.345,113.6058,80.33,76,56,3.04,broken clouds
559,Salinopolis,BR,-0.6136,-47.3561,79.18,85,99,12.33,overcast clouds
560,Kosonsoy,UZ,41.2561,71.5508,68.56,21,4,7.63,clear sky
561,Kanel,SN,15.4916,-13.1763,86.0,79,0,6.91,clear sky
562,Olenegorsk,RU,68.15,33.3,43.66,95,100,11.07,light rain
563,Moose Factory,CA,51.2585,-80.6094,66.2,55,0,9.22,clear sky
564,Police,PL,53.5521,14.5718,55.02,70,37,1.01,scattered clouds
565,Rancho Palos Verdes,US,33.7445,-118.387,98.98,73,0,7.0,clear sky
566,Sao Felix Do Xingu,BR,-6.6447,-51.995,83.98,40,99,1.52,overcast clouds
567,Challans,FR,46.8436,-1.8749,65.97,78,99,8.48,overcast clouds
568,Colares,PT,38.7992,-9.4469,72.34,75,29,13.0,scattered clouds
569,Nivala,FI,63.9167,24.9667,44.69,95,100,5.93,overcast clouds
570,Katangli,RU,51.7102,143.2326,58.73,84,100,18.3,light rain
571,Valdepenas,ES,38.7621,-3.3848,65.84,45,9,3.67,clear sky
572,Kabo,CF,7.6994,18.629,69.06,98,100,2.3,overcast clouds
573,Komsomolets,KZ,53.7453,62.0708,48.94,74,100,12.88,overcast clouds
574,Kuching,MY,1.55,110.3333,79.02,94,20,2.3,light rain
575,Batemans Bay,AU,-35.7167,150.1833,57.09,61,98,6.22,overcast clouds
576,Cotonou,BJ,6.3654,2.4183,76.98,88,40,8.05,scattered clouds
577,Shellbrook,CA,53.2168,-106.4011,72.63,37,30,21.25,scattered clouds
578,Anjozorobe,MG,-18.4,47.8667,52.77,89,93,8.21,overcast clouds
579,Krasnoselkup,RU,65.7,82.4667,40.69,94,100,14.29,overcast clouds
580,Sumbe,AO,-11.2061,13.8437,68.63,94,18,2.77,few clouds
581,Ostersund,SE,63.1792,14.6357,46.85,93,64,8.05,broken clouds
582,Lavumisa,SZ,-27.31,31.892,62.71,81,99,7.0,overcast clouds
583,Yele,CM,10.7323,13.5891,67.51,85,87,1.54,overcast clouds
584,Togur,RU,58.3631,82.8265,46.72,92,88,5.97,overcast clouds
585,Thinadhoo,MV,0.5333,72.9333,82.17,72,100,17.22,overcast clouds
586,Zwedru,LR,6.0667,-8.1281,71.69,99,95,1.95,light rain
587,Winnemucca,US,40.973,-117.7357,96.06,10,0,8.52,clear sky
588,Quatre Cocos,MU,-20.2078,57.7625,69.91,74,13,16.24,few clouds
589,Santa,PH,17.486,120.4348,81.75,81,100,2.89,light rain
590,Barcelos,PT,41.5388,-8.6151,67.84,97,59,4.05,broken clouds
591,Chumphon,TH,10.3333,98.8333,72.14,96,100,5.79,light rain
592,Point Fortin,TT,10.1833,-61.6833,77.86,78,100,9.8,overcast clouds
593,Polyarnyy,RU,69.1989,33.4478,46.35,86,100,17.4,overcast clouds
594,Shihezi,CN,44.3,86.0333,77.07,21,13,2.95,few clouds
595,Comodoro Rivadavia,AR,-45.8667,-67.5,67.86,13,0,16.11,clear sky
596,Roebourne,AU,-20.7833,117.1333,72.52,32,0,10.58,clear sky
597,Manjacaze,MZ,-24.7117,33.8828,65.39,93,18,6.91,few clouds
598,Sinazongwe,ZM,-17.2614,27.4618,69.51,39,7,5.1,clear sky
599,Harsin,IR,34.2721,47.5861,67.01,22,0,1.16,clear sky
600,Birin,NP,26.8865,88.0718,64.92,89,55,2.68,light rain
601,Karwar,IN,14.8,74.1333,76.75,91,100,9.6,overcast clouds
602,Valparaiso,CL,-33.0393,-71.6273,54.0,94,100,6.91,fog
603,Lakes Entrance,AU,-37.8811,147.981,56.16,61,49,3.33,scattered clouds
604,Zyryanskoye,RU,56.8306,86.6258,48.2,96,100,9.53,light rain
605,Abeche,TD,13.8292,20.8324,74.39,76,100,9.75,overcast clouds
606,Atmakur,IN,15.8833,78.5833,75.65,90,100,3.15,overcast clouds
607,Qasigiannguit,GL,68.8193,-51.1922,36.81,97,100,7.49,light rain
608,Kyzyl-Suu,KG,42.3414,78.0056,60.4,43,37,7.92,scattered clouds
609,Estelle,US,29.8458,-90.1067,82.99,75,20,4.0,few clouds
610,Soto,AR,-32.8107,-61.4026,51.96,55,0,7.81,clear sky
611,Taoudenni,ML,22.6783,-3.9836,96.89,15,5,2.15,clear sky
612,Iwanai,JP,42.9744,140.5089,76.33,80,100,10.47,overcast clouds
613,Misratah,LY,32.3754,15.0925,81.39,75,0,10.63,clear sky
614,Emba,KZ,48.8264,58.1442,53.85,65,100,10.27,overcast clouds
615,Talen,IN,23.5667,76.7167,72.36,86,100,4.36,overcast clouds
616,Caravelas,BR,-17.7125,-39.2481,70.14,77,100,11.36,overcast clouds
617,Santa Ana,US,33.7456,-117.8678,105.94,48,0,6.91,clear sky
618,Stokmarknes,NO,68.5646,14.9108,46.38,93,100,14.97,overcast clouds
619,Ituporanga,BR,-27.4144,-49.6025,55.08,98,100,2.86,moderate rain
620,Sao Joao Da Barra,BR,-21.6403,-41.0511,68.09,65,100,7.92,overcast clouds
621,Nabire,ID,-3.3667,135.4833,85.01,67,28,3.42,scattered clouds
622,Kholodnyy,RU,62.7167,147.95,51.33,40,12,7.02,few clouds
623,Kamaishi,JP,39.2667,141.8833,73.09,94,100,12.59,overcast clouds
624,Lensk,RU,60.7253,114.9278,49.69,82,96,11.25,light rain
625,Kushva,RU,58.2906,59.7592,40.87,84,100,2.59,overcast clouds
626,Port Hedland,AU,-20.3167,118.5667,71.65,46,0,10.36,clear sky
627,San Lazaro,BZ,18.0387,-88.6622,76.69,91,53,5.01,broken clouds
628,Sola,VU,-13.8833,167.55,86.67,79,40,3.44,scattered clouds
629,Nieves,PH,15.3274,120.9485,83.71,82,100,3.44,overcast clouds
630,Lugovoy,KZ,42.9472,72.7644,71.1,24,0,5.66,clear sky
631,Urusha,RU,54.05,122.9,53.24,98,100,6.67,moderate rain
632,Uthal,PK,25.8072,66.6219,78.98,86,41,3.53,scattered clouds
633,Kieta,PG,-6.2167,155.6333,86.09,63,43,8.19,scattered clouds
634,Padang,ID,-0.9492,100.3543,78.85,77,53,2.55,broken clouds
635,Santa Vitoria Do Palmar,BR,-33.5189,-53.3681,49.57,84,0,6.85,clear sky
636,Eyl,SO,7.9803,49.8164,75.43,77,2,20.67,clear sky
637,Sotnikovo,RU,51.8845,107.4791,46.49,66,20,4.47,few clouds
638,Lucea,JM,18.451,-78.1736,84.06,77,4,4.52,clear sky
639,Belmonte,BR,-15.8631,-38.8828,70.66,84,27,9.24,scattered clouds
640,Baruun-Urt,MN,46.6806,113.2792,49.39,73,100,14.99,overcast clouds
641,Saint-Joseph,RE,-21.3667,55.6167,66.58,73,36,13.6,scattered clouds
642,Sompeta,IN,18.9333,84.6,82.85,80,57,5.06,broken clouds
643,Kuala Terengganu,MY,5.3302,103.1408,78.75,94,20,3.44,few clouds
644,Taperoa,BR,-7.2075,-36.8267,69.31,80,32,16.93,scattered clouds
645,Lavara,GR,41.2667,26.3833,60.49,77,57,7.85,broken clouds
646,Tocopilla,CL,-22.092,-70.1979,61.97,64,21,8.48,few clouds
647,Keetmanshoop,NA,-26.5833,18.1333,50.77,34,0,8.97,clear sky
648,Nakapiripirit,UG,1.9167,34.7833,66.33,82,96,0.83,overcast clouds
649,Nautla,MX,20.2167,-96.7833,80.33,80,81,7.29,broken clouds
650,Kabare,CD,-2.4683,28.8242,62.96,76,36,1.16,scattered clouds
651,Tuim,RU,54.3417,89.9261,53.08,59,99,2.68,overcast clouds
652,Cayenne,GF,4.9333,-52.3333,80.64,83,82,5.75,broken clouds
653,Waddan,LY,29.1614,16.139,80.94,41,0,2.42,clear sky
654,Fare,PF,-16.7,-151.0167,78.15,74,4,15.21,clear sky
655,Ankazoabo,MG,-22.2833,44.5167,62.15,63,0,4.74,clear sky
656,Bousso,TD,10.4795,16.7117,70.5,97,74,3.96,moderate rain
657,Challakere,IN,14.3167,76.65,73.54,81,100,3.22,overcast clouds
658,Broome,US,42.2506,-75.833,69.71,97,100,5.75,moderate rain
659,Blagoyevo,RU,63.3667,47.9167,43.48,96,100,3.89,overcast clouds
660,Gondanglegi,ID,-7.7479,112.0132,82.06,69,7,10.47,clear sky
661,Tumwater,US,47.0073,-122.9093,75.52,42,21,8.01,few clouds
662,Kaele,CM,10.1092,14.4508,70.43,93,55,4.52,light rain
663,Dovolnoye,RU,54.4958,79.6671,61.36,32,100,6.78,overcast clouds
664,Ortigueira,BR,-24.2083,-50.9494,53.96,84,45,3.04,scattered clouds
665,La Ronge,CA,55.1001,-105.2842,70.05,46,100,18.41,smoke
666,Nizhniy Kuranakh,RU,58.8353,125.4869,51.76,90,100,1.9,light rain
667,Hearst,CA,49.6835,-83.6665,62.85,64,81,5.5,broken clouds
668,Muli,MV,2.9167,73.5667,81.32,79,100,17.74,overcast clouds
669,Muroto,JP,33.2833,134.15,82.9,86,100,29.55,light rain
670,Shushtar,IR,32.0455,48.8567,89.22,48,0,6.76,clear sky
671,Fairbanks,US,64.8378,-147.7164,61.61,60,75,1.01,broken clouds
672,Sao Lourenco Do Sul,BR,-31.3653,-51.9783,55.33,90,88,8.84,overcast clouds
673,Kot Kapura,IN,30.5833,74.9,77.38,76,50,6.26,scattered clouds
674,Norden,DE,53.6,7.2,67.95,79,100,16.82,overcast clouds
675,Bonthe,SL,7.5264,-12.505,76.6,89,100,7.27,moderate rain
676,Mazatlan,MX,23.2167,-106.4167,88.02,88,100,3.0,overcast clouds
677,Pochutla,MX,15.7432,-96.4661,75.09,87,84,3.94,broken clouds
678,Tiarei,PF,-17.5333,-149.3333,86.02,77,5,17.18,clear sky
679,Naron,ES,43.5167,-8.1528,65.25,81,36,14.54,scattered clouds
680,Marystown,CA,47.1666,-55.1483,62.1,87,41,7.02,scattered clouds
681,Rivera,UY,-30.9053,-55.5508,51.94,91,100,4.83,overcast clouds
682,San Felipe,VE,10.3399,-68.7425,74.39,85,9,4.92,clear sky
683,Laguna,US,38.421,-121.4238,115.11,13,0,12.66,clear sky
684,Saryozek,KZ,44.3583,77.9753,69.1,20,0,4.88,clear sky
685,Vieux Fort,LC,13.7167,-60.95,81.72,89,20,8.05,few clouds
686,Praya,CV,14.9215,-23.5087,79.34,94,40,8.05,thunderstorm
687,Dod Ballapur,IN,13.2919,77.5431,69.82,88,100,4.9,overcast clouds
688,Arlit,NE,18.7369,7.3853,95.76,16,95,6.44,overcast clouds
689,Kalachinsk,RU,55.0529,74.5751,50.72,85,100,12.84,overcast clouds
690,Taltal,CL,-25.4,-70.4833,58.24,73,19,5.23,few clouds
691,Makakilo City,US,21.3469,-158.0858,84.0,67,16,16.42,few clouds
692,Opuwo,NA,-18.0607,13.84,62.69,29,0,3.67,clear sky
693,Leninskoye,KZ,41.7589,69.3864,73.72,18,0,3.85,clear sky
694,Begoro,GH,6.3871,-0.3774,67.48,97,78,3.44,broken clouds
695,Svetlogorsk,BY,52.6333,29.7333,47.16,73,100,4.72,overcast clouds
696,Barra,BR,-11.0894,-43.1417,79.25,44,15,11.27,few clouds
697,Plettenberg Bay,ZA,-34.0527,23.3716,52.83,66,10,11.68,clear sky
698,Dauphin,CA,51.1494,-100.0502,77.14,57,0,9.22,clear sky
699,Alingsas,SE,57.9303,12.5335,52.45,86,11,3.74,few clouds
700,Mato Verde,BR,-15.3972,-42.8664,66.56,80,13,9.31,few clouds
701,College,US,64.8569,-147.8028,62.08,59,75,3.44,broken clouds
702,Itarema,BR,-2.9248,-39.9167,78.55,85,20,16.69,few clouds
703,Kichera,RU,55.9375,110.0997,48.25,90,96,2.17,overcast clouds
704,Koungou,YT,-12.7336,45.2042,69.51,88,0,3.44,clear sky
705,Tuyen Quang,VN,21.8233,105.2181,79.84,67,10,3.2,clear sky
706,Ishinomaki,JP,38.4167,141.3,77.0,87,69,21.59,broken clouds
707,Flin Flon,CA,54.7682,-101.865,73.94,45,100,8.72,overcast clouds
708,Tomatlan,MX,19.9333,-105.25,75.07,97,100,4.68,overcast clouds
709,Urumqi,CN,43.801,87.6005,70.75,23,0,4.47,clear sky
710,Nchelenge,ZM,-9.3451,28.734,69.51,37,0,6.11,clear sky
711,Jiexiu,CN,37.0244,111.9125,71.47,19,0,9.53,clear sky
712,Sept-Iles,CA,50.2001,-66.3821,53.06,80,20,2.3,few clouds
713,Piacabucu,BR,-10.4056,-36.4344,72.34,80,10,9.15,clear sky
714,Andenes,NO,69.3143,16.1194,47.93,93,100,17.27,overcast clouds
715,Kiunga,PG,-6.1219,141.2906,83.08,74,100,3.71,overcast clouds
716,Vilyuysk,RU,63.7553,121.6247,46.06,89,100,6.64,overcast clouds
717,Debre Tabor,ET,11.85,38.0167,48.85,86,7,2.19,clear sky
718,Ambilobe,MG,-13.2,49.05,65.66,76,0,3.47,clear sky
719,Portland,US,45.5234,-122.6762,82.71,42,20,13.8,few clouds
